{"stats":{"minecraft:custom":{"minecraft:time_since_rest":13569,"minecraft:sprint_one_cm":948,"minecraft:crouch_one_cm":330,"minecraft:interact_with_furnace":4,"minecraft:play_time":13569,"minecraft:damage_taken":100,"minecraft:walk_one_cm":13059,"minecraft:sneak_time":668,"minecraft:mob_kills":1,"minecraft:jump":60,"minecraft:damage_dealt":199,"minecraft:leave_game":1,"minecraft:time_since_death":13569,"minecraft:total_world_time":13569,"minecraft:interact_with_crafting_table":2,"minecraft:fall_one_cm":894,"minecraft:fly_one_cm":2163},"minecraft:used":{"minecraft:dirt":9,"minecraft:crafting_table":2,"minecraft:stone_pickaxe":33,"minecraft:wooden_pickaxe":32},"minecraft:crafted":{"minecraft:acacia_planks":36,"minecraft:torch":4,"minecraft:charcoal":1,"minecraft:crafting_table":2,"minecraft:stick":8,"minecraft:stone_pickaxe":2,"minecraft:wooden_pickaxe":1},"minecraft:mined":{"minecraft:short_grass":5,"minecraft:acacia_log":10,"minecraft:grass_block":4,"minecraft:acacia_leaves":1,"minecraft:dirt":6,"minecraft:copper_ore":1,"minecraft:stone":52},"minecraft:killed":{"minecraft:zombie":1},"minecraft:picked_up":{"minecraft:raw_copper":2,"minecraft:acacia_log":10,"minecraft:dirt":11,"minecraft:cobblestone":50}},"DataVersion":3700}