{"stats":{"minecraft:dropped":{"minecraft:wheat_seeds":1,"minecraft:calcite":5},"minecraft:custom":{"minecraft:time_since_rest":6157,"minecraft:interact_with_furnace":2,"minecraft:sprint_one_cm":12443,"minecraft:damage_taken":20,"minecraft:walk_one_cm":30690,"minecraft:mob_kills":8,"minecraft:drop":2,"minecraft:damage_dealt":480,"minecraft:interact_with_crafting_table":3,"minecraft:fly_one_cm":11052,"minecraft:crouch_one_cm":5763,"minecraft:play_time":12005,"minecraft:sneak_time":1498,"minecraft:jump":111,"minecraft:leave_game":3,"minecraft:time_since_death":12005,"minecraft:sleep_in_bed":1,"minecraft:total_world_time":12005,"minecraft:fall_one_cm":3323},"minecraft:used":{"minecraft:stone_pickaxe":5,"minecraft:wooden_pickaxe":42,"minecraft:stone_axe":33,"minecraft:crafting_table":2,"minecraft:furnace":1,"minecraft:white_bed":1},"minecraft:crafted":{"minecraft:oak_planks":24,"minecraft:oak_slab":6,"minecraft:crafting_table":1,"minecraft:stick":8,"minecraft:wooden_pickaxe":1,"minecraft:cooked_chicken":4,"minecraft:stone_pickaxe":1,"minecraft:stone_sword":1,"minecraft:furnace":1,"minecraft:white_bed":1,"minecraft:torch":4,"minecraft:stone_axe":1,"minecraft:air":0},"minecraft:mined":{"minecraft:acacia_leaves":6,"minecraft:white_bed":1,"minecraft:crafting_table":2,"minecraft:short_grass":18,"minecraft:acacia_log":8,"minecraft:oak_log":6,"minecraft:calcite":5,"minecraft:coal_ore":15,"minecraft:tall_grass":1,"minecraft:stone":27,"minecraft:oak_leaves":1},"minecraft:picked_up":{"minecraft:stick":1,"minecraft:crafting_table":2,"minecraft:feather":2,"minecraft:chicken":4,"minecraft:acacia_log":8,"minecraft:oak_log":6,"minecraft:white_bed":1,"minecraft:wheat_seeds":1,"minecraft:calcite":5,"minecraft:oak_sapling":2,"minecraft:mutton":5,"minecraft:coal":15,"minecraft:white_wool":4,"minecraft:cobblestone":27},"minecraft:killed":{"minecraft:sheep":4,"minecraft:chicken":4}},"DataVersion":3700}