{"stats":{"minecraft:dropped":{"minecraft:wheat_seeds":1,"minecraft:calcite":5},"minecraft:custom":{"minecraft:time_since_rest":19862,"minecraft:damage_taken":120,"minecraft:interact_with_furnace":5,"minecraft:sprint_one_cm":18362,"minecraft:walk_one_cm":65273,"minecraft:mob_kills":10,"minecraft:drop":2,"minecraft:damage_dealt":839,"minecraft:interact_with_crafting_table":3,"minecraft:fly_one_cm":14457,"minecraft:crouch_one_cm":6541,"minecraft:play_time":25710,"minecraft:sneak_time":1906,"minecraft:jump":176,"minecraft:leave_game":4,"minecraft:time_since_death":25710,"minecraft:sleep_in_bed":1,"minecraft:total_world_time":25710,"minecraft:fall_one_cm":4486},"minecraft:used":{"minecraft:stone_pickaxe":40,"minecraft:wooden_pickaxe":42,"minecraft:cooked_chicken":1,"minecraft:stone_axe":57,"minecraft:dirt":2,"minecraft:crafting_table":2,"minecraft:furnace":1,"minecraft:white_bed":1},"minecraft:crafted":{"minecraft:oak_planks":24,"minecraft:oak_slab":6,"minecraft:crafting_table":1,"minecraft:stick":8,"minecraft:wooden_pickaxe":1,"minecraft:cooked_chicken":4,"minecraft:stone_pickaxe":1,"minecraft:stone_sword":1,"minecraft:furnace":1,"minecraft:white_bed":1,"minecraft:torch":8,"minecraft:stone_axe":1,"minecraft:cooked_mutton":5,"minecraft:air":0},"minecraft:mined":{"minecraft:acacia_leaves":7,"minecraft:white_bed":1,"minecraft:crafting_table":2,"minecraft:grass_block":2,"minecraft:short_grass":213,"minecraft:acacia_log":13,"minecraft:oak_log":6,"minecraft:calcite":5,"minecraft:coal_ore":15,"minecraft:dirt":8,"minecraft:tall_grass":26,"minecraft:stone":60,"minecraft:oak_leaves":1},"minecraft:picked_up":{"minecraft:stick":1,"minecraft:crafting_table":2,"minecraft:feather":2,"minecraft:chicken":4,"minecraft:leather":2,"minecraft:acacia_log":13,"minecraft:oak_log":6,"minecraft:white_bed":1,"minecraft:dirt":9,"minecraft:string":1,"minecraft:wheat_seeds":26,"minecraft:calcite":5,"minecraft:oak_sapling":2,"minecraft:acacia_sapling":9,"minecraft:mutton":5,"minecraft:coal":15,"minecraft:white_wool":4,"minecraft:cobblestone":62},"minecraft:killed":{"minecraft:horse":1,"minecraft:sheep":4,"minecraft:chicken":4,"minecraft:spider":1}},"DataVersion":3700}